"Kind","Method","Path","Scopes","Auth","File","Line","Snip"
"ENDPOINT","POST","/pin","","","src\modules\auth\interface\http\routes\auth.routes.js","17","router.post(""/pin"", loginByPinHandler);"
"ENDPOINT","GET","/verify","","","src\modules\auth\interface\http\routes\auth.routes.js","20","router.get(""/verify"", verifyAuthHandler);"
"ENDPOINT","GET","/active","","","src\modules\auth\interface\http\routes\auth.routes.js","23","router.get(""/active"", getActiveSessionsStatusHandler);"
"ENDPOINT","GET","/active-sessions","","","src\modules\auth\interface\http\routes\auth.routes.js","26","router.get(""/active-sessions"", getActiveSessionsStatusHandler);"
"ENDPOINT","POST","/force-close","","","src\modules\auth\interface\http\routes\auth.routes.js","29","router.post(""/force-close"", forceCloseSessionHandler);"
"ENDPOINT","POST","/break","","","src\modules\auth\interface\http\routes\auth.routes.js","39","router.post(""/break"", (req, res, next) => {"
"ENDPOINT","POST","/break/start","","","src\modules\auth\interface\http\routes\auth.routes.js","53","router.post(""/break/start"", breakStartHandler);"
"ENDPOINT","POST","/break/stop","","","src\modules\auth\interface\http\routes\auth.routes.js","56","router.post(""/break/stop"", breakStopHandler);"
"ENDPOINT","GET","/verify","","","src\modules\auth\interface\http\routes\sessions.routes.js","16","router.get(""/verify"", verifySessionHandler);"
"ENDPOINT","GET","/active-status","","","src\modules\auth\interface\http\routes\sessions.routes.js","21","router.get(""/active-status"", activeStatusHandler);"
"ENDPOINT","POST","/break","","","src\modules\auth\interface\http\routes\sessions.routes.js","27","router.post(""/break"", breakHandler);"
"ENDPOINT","POST","/force-close","","","src\modules\auth\interface\http\routes\sessions.routes.js","33","router.post(""/force-close"", forceCloseByTokenHandler);"
"ENDPOINT","GET","/_ping","","","src\modules\corporativo\interface\http\routes\audit.routes.js","5","router.get(""/_ping"", (_req, res) => res.json({ ok: true, mod: ""audit"" }));"
"ENDPOINT","GET","/_ping","","","src\modules\corporativo\interface\http\routes\banks.routes.js","5","router.get(""/_ping"", (_req, res) => res.json({ ok: true, mod: ""banks"" }));"
"ENDPOINT","GET","/_ping","","","src\modules\corporativo\interface\http\routes\bootstrap.routes.js","5","router.get(""/_ping"", (_req, res) => res.json({ ok: true, mod: ""bootstrap"" }));"
"ENDPOINT","GET","/_ping","","","src\modules\corporativo\interface\http\routes\businessCategories.routes.js","5","router.get(""/_ping"", (_req, res) =>"
"ENDPOINT","GET","/","","","src\modules\corporativo\interface\http\routes\businesses.routes.js","6","router.get(""/"", (_req, res) => res.json({ ok: true, items: [] }));"
"ENDPOINT","GET","/_ping","","","src\modules\corporativo\interface\http\routes\businesses.routes.js","7","router.get(""/_ping"", (_req, res) => res.json({ ok: true, mod: ""businesses"" }));"
"ENDPOINT","GET","/","","","src\modules\corporativo\interface\http\routes\businessSummary.routes.js","32","router.get(""/"", handleSummary);"
"ENDPOINT","GET","/*","","","src\modules\corporativo\interface\http\routes\businessSummary.routes.js","35","router.get(""/*"", handleSummary);"
"ENDPOINT","GET","/_ping","","","src\modules\corporativo\interface\http\routes\businessTypes.routes.js","5","router.get(""/_ping"", (_req, res) =>"
"ENDPOINT","GET","/_ping","","","src\modules\corporativo\interface\http\routes\catalog.routes.js","5","router.get(""/_ping"", (_req, res) => res.json({ ok: true, mod: ""catalog"" }));"
"ENDPOINT","GET","/_ping","","","src\modules\corporativo\interface\http\routes\catalogs.routes.js","8","router.get(""/_ping"", (_req, res) => res.json({ ok: true, mod: ""catalogs"" }));"
"ENDPOINT","GET","/paises","","","src\modules\corporativo\interface\http\routes\catalogs.routes.js","10","router.get(""/paises"", CatalogsController.listPaises);"
"ENDPOINT","GET","/_ping","","","src\modules\corporativo\interface\http\routes\countries.routes.js","5","router.get(""/_ping"", (_req, res) => res.json({ ok: true, mod: ""countries"" }));"
"ENDPOINT","GET","/_ping","","","src\modules\corporativo\interface\http\routes\ideas.routes.js","5","router.get(""/_ping"", (_req, res) =>"
"ENDPOINT","GET","/","","","src\modules\corporativo\interface\http\routes\incomes.routes.js","11","router.get(""/"", (_req, res) => {"
"ENDPOINT","GET","/_ping","","","src\modules\corporativo\interface\http\routes\memberships.routes.js","5","router.get(""/_ping"", (_req, res) =>"
"ENDPOINT","GET","/total","","","src\modules\corporativo\interface\http\routes\monthlyProduction.routes.js","6","router.get(""/total"", (_req, res) => res.json({ ok: true, total: 0 }));"
"ENDPOINT","GET","/_ping","","","src\modules\corporativo\interface\http\routes\monthlyProduction.routes.js","7","router.get(""/_ping"", (_req, res) => res.json({ ok: true, mod: ""monthly-production"" }));"
"ENDPOINT","GET","/_ping","","","src\modules\corporativo\interface\http\routes\permissions.routes.js","5","router.get(""/_ping"", (_req, res) =>"
"ENDPOINT","GET","/_ping","","","src\modules\corporativo\interface\http\routes\projects.routes.js","5","router.get(""/_ping"", (_req, res) => res.json({ ok: true, mod: ""projects"" }));"
"ENDPOINT","GET","/","","","src\modules\corporativo\interface\http\routes\properties.routes.js","18","router.get(""/"", getPropertiesList);"
"ENDPOINT","GET","/:codigo/detail","","","src\modules\corporativo\interface\http\routes\properties.routes.js","24","router.get(""/:codigo/detail"", getPropertyDetail);"
"ENDPOINT","GET","/:codigo/businesses","","","src\modules\corporativo\interface\http\routes\properties.routes.js","33","router.get(""/:codigo/businesses"", getPropertyBusinesses);"
"ENDPOINT","GET","/:codigo/units","","","src\modules\corporativo\interface\http\routes\properties.routes.js","34","router.get(""/:codigo/units"", getPropertyUnits);"
"ENDPOINT","GET","/:codigo/incomes","","","src\modules\corporativo\interface\http\routes\properties.routes.js","35","router.get(""/:codigo/incomes"", getPropertyIncomes);"
"ENDPOINT","GET","/:codigo/projects","","","src\modules\corporativo\interface\http\routes\properties.routes.js","36","router.get(""/:codigo/projects"", getPropertyProjects);"
"ENDPOINT","GET","/_ping","","","src\modules\corporativo\interface\http\routes\roles.routes.js","5","router.get(""/_ping"", (_req, res) => res.json({ ok: true, mod: ""roles"" }));"
"ENDPOINT","GET","/active-status","","","src\modules\corporativo\interface\http\routes\sessions.routes.js","12","router.get(""/active-status"", getActiveSessionsController);"
"ENDPOINT","GET","/_ping","","","src\modules\corporativo\interface\http\routes\tenants.routes.js","5","router.get(""/_ping"", (_req, res) => res.json({ ok: true, mod: ""tenants"" }));"
"ENDPOINT","GET","/_ping","","","src\modules\corporativo\interface\http\routes\transactions.routes.js","5","router.get(""/_ping"", (_req, res) =>"
"ENDPOINT","GET","/","","YES","src\modules\corporativo\interface\http\routes\units.routes.js","19","router.get(""/"", requireAuth, listUnitsHandler);"
"ENDPOINT","GET","/:id","","YES","src\modules\corporativo\interface\http\routes\units.routes.js","24","router.get(""/:id"", requireAuth, getUnitByIdHandler);"
"ENDPOINT","POST","/","","YES","src\modules\corporativo\interface\http\routes\units.routes.js","29","router.post(""/"", requireAuth, createUnitHandler);"
"ENDPOINT","PUT","/:id","","YES","src\modules\corporativo\interface\http\routes\units.routes.js","34","router.put(""/:id"", requireAuth, updateUnitHandler);"
"ENDPOINT","DELETE","/:id","","YES","src\modules\corporativo\interface\http\routes\units.routes.js","39","router.delete(""/:id"", requireAuth, deleteUnitHandler);"
"ENDPOINT","GET","/_ping","","","src\modules\corporativo\interface\http\routes\users.routes.js","5","router.get(""/_ping"", (_req, res) => res.json({ ok: true, mod: ""users"" }));"
