"Method","Path","HasAuth","HasScopes","File","Line","Snip"
"POST","/pin","NO","NO","src\modules\auth\interface\http\routes\auth.routes.js","17","router.post(""/pin"", loginByPinHandler);"
"GET","/verify","NO","NO","src\modules\auth\interface\http\routes\auth.routes.js","20","router.get(""/verify"", verifyAuthHandler);"
"GET","/active","NO","NO","src\modules\auth\interface\http\routes\auth.routes.js","23","router.get(""/active"", getActiveSessionsStatusHandler);"
"GET","/active-sessions","NO","NO","src\modules\auth\interface\http\routes\auth.routes.js","26","router.get(""/active-sessions"", getActiveSessionsStatusHandler);"
"POST","/force-close","NO","NO","src\modules\auth\interface\http\routes\auth.routes.js","29","router.post(""/force-close"", forceCloseSessionHandler);"
"POST","/break","NO","NO","src\modules\auth\interface\http\routes\auth.routes.js","39","router.post(""/break"", (req, res, next) => {"
"POST","/break/start","NO","NO","src\modules\auth\interface\http\routes\auth.routes.js","53","router.post(""/break/start"", breakStartHandler);"
"POST","/break/stop","NO","NO","src\modules\auth\interface\http\routes\auth.routes.js","56","router.post(""/break/stop"", breakStopHandler);"
"GET","/verify","NO","NO","src\modules\auth\interface\http\routes\sessions.routes.js","16","router.get(""/verify"", verifySessionHandler);"
"GET","/active-status","NO","NO","src\modules\auth\interface\http\routes\sessions.routes.js","21","router.get(""/active-status"", activeStatusHandler);"
"POST","/break","NO","NO","src\modules\auth\interface\http\routes\sessions.routes.js","27","router.post(""/break"", breakHandler);"
"POST","/force-close","NO","NO","src\modules\auth\interface\http\routes\sessions.routes.js","33","router.post(""/force-close"", forceCloseByTokenHandler);"
"GET","/_ping","NO","NO","src\modules\corporativo\interface\http\routes\audit.routes.js","5","router.get(""/_ping"", (_req, res) => res.json({ ok: true, mod: ""audit"" }));"
"GET","/_ping","NO","NO","src\modules\corporativo\interface\http\routes\banks.routes.js","5","router.get(""/_ping"", (_req, res) => res.json({ ok: true, mod: ""banks"" }));"
"GET","/_ping","NO","NO","src\modules\corporativo\interface\http\routes\bootstrap.routes.js","5","router.get(""/_ping"", (_req, res) => res.json({ ok: true, mod: ""bootstrap"" }));"
"GET","/_ping","NO","NO","src\modules\corporativo\interface\http\routes\businessCategories.routes.js","5","router.get(""/_ping"", (_req, res) =>"
"GET","/","NO","NO","src\modules\corporativo\interface\http\routes\businesses.routes.js","6","router.get(""/"", (_req, res) => res.json({ ok: true, items: [] }));"
"GET","/_ping","NO","NO","src\modules\corporativo\interface\http\routes\businesses.routes.js","7","router.get(""/_ping"", (_req, res) => res.json({ ok: true, mod: ""businesses"" }));"
"GET","/","NO","NO","src\modules\corporativo\interface\http\routes\businessSummary.routes.js","32","router.get(""/"", handleSummary);"
"GET","/*","NO","NO","src\modules\corporativo\interface\http\routes\businessSummary.routes.js","35","router.get(""/*"", handleSummary);"
"GET","/_ping","NO","NO","src\modules\corporativo\interface\http\routes\businessTypes.routes.js","5","router.get(""/_ping"", (_req, res) =>"
"GET","/_ping","NO","NO","src\modules\corporativo\interface\http\routes\catalog.routes.js","5","router.get(""/_ping"", (_req, res) => res.json({ ok: true, mod: ""catalog"" }));"
"GET","/_ping","NO","NO","src\modules\corporativo\interface\http\routes\catalogs.routes.js","8","router.get(""/_ping"", (_req, res) => res.json({ ok: true, mod: ""catalogs"" }));"
"GET","/paises","NO","NO","src\modules\corporativo\interface\http\routes\catalogs.routes.js","10","router.get(""/paises"", CatalogsController.listPaises);"
"GET","/_ping","NO","NO","src\modules\corporativo\interface\http\routes\countries.routes.js","5","router.get(""/_ping"", (_req, res) => res.json({ ok: true, mod: ""countries"" }));"
"GET","/_ping","NO","NO","src\modules\corporativo\interface\http\routes\ideas.routes.js","5","router.get(""/_ping"", (_req, res) =>"
"GET","/","NO","NO","src\modules\corporativo\interface\http\routes\incomes.routes.js","11","router.get(""/"", (_req, res) => {"
"GET","/_ping","NO","NO","src\modules\corporativo\interface\http\routes\memberships.routes.js","5","router.get(""/_ping"", (_req, res) =>"
"GET","/total","NO","NO","src\modules\corporativo\interface\http\routes\monthlyProduction.routes.js","6","router.get(""/total"", (_req, res) => res.json({ ok: true, total: 0 }));"
"GET","/_ping","NO","NO","src\modules\corporativo\interface\http\routes\monthlyProduction.routes.js","7","router.get(""/_ping"", (_req, res) => res.json({ ok: true, mod: ""monthly-production"" }));"
"GET","/_ping","NO","NO","src\modules\corporativo\interface\http\routes\permissions.routes.js","5","router.get(""/_ping"", (_req, res) =>"
"GET","/_ping","NO","NO","src\modules\corporativo\interface\http\routes\projects.routes.js","5","router.get(""/_ping"", (_req, res) => res.json({ ok: true, mod: ""projects"" }));"
"GET","/","NO","NO","src\modules\corporativo\interface\http\routes\properties.routes.js","18","router.get(""/"", getPropertiesList);"
"GET","/:codigo/detail","NO","NO","src\modules\corporativo\interface\http\routes\properties.routes.js","24","router.get(""/:codigo/detail"", getPropertyDetail);"
"GET","/:codigo/businesses","NO","NO","src\modules\corporativo\interface\http\routes\properties.routes.js","33","router.get(""/:codigo/businesses"", getPropertyBusinesses);"
"GET","/:codigo/units","NO","NO","src\modules\corporativo\interface\http\routes\properties.routes.js","34","router.get(""/:codigo/units"", getPropertyUnits);"
"GET","/:codigo/incomes","NO","NO","src\modules\corporativo\interface\http\routes\properties.routes.js","35","router.get(""/:codigo/incomes"", getPropertyIncomes);"
"GET","/:codigo/projects","NO","NO","src\modules\corporativo\interface\http\routes\properties.routes.js","36","router.get(""/:codigo/projects"", getPropertyProjects);"
"GET","/_ping","NO","NO","src\modules\corporativo\interface\http\routes\roles.routes.js","5","router.get(""/_ping"", (_req, res) => res.json({ ok: true, mod: ""roles"" }));"
"GET","/active-status","NO","NO","src\modules\corporativo\interface\http\routes\sessions.routes.js","12","router.get(""/active-status"", getActiveSessionsController);"
"GET","/_ping","NO","NO","src\modules\corporativo\interface\http\routes\tenants.routes.js","5","router.get(""/_ping"", (_req, res) => res.json({ ok: true, mod: ""tenants"" }));"
"GET","/_ping","NO","NO","src\modules\corporativo\interface\http\routes\transactions.routes.js","5","router.get(""/_ping"", (_req, res) =>"
"GET","/","YES","NO","src\modules\corporativo\interface\http\routes\units.routes.js","19","router.get(""/"", requireAuth, listUnitsHandler);"
"GET","/:id","YES","NO","src\modules\corporativo\interface\http\routes\units.routes.js","24","router.get(""/:id"", requireAuth, getUnitByIdHandler);"
"POST","/","YES","NO","src\modules\corporativo\interface\http\routes\units.routes.js","29","router.post(""/"", requireAuth, createUnitHandler);"
"PUT","/:id","YES","NO","src\modules\corporativo\interface\http\routes\units.routes.js","34","router.put(""/:id"", requireAuth, updateUnitHandler);"
"DELETE","/:id","YES","NO","src\modules\corporativo\interface\http\routes\units.routes.js","39","router.delete(""/:id"", requireAuth, deleteUnitHandler);"
"GET","/_ping","NO","NO","src\modules\corporativo\interface\http\routes\users.routes.js","5","router.get(""/_ping"", (_req, res) => res.json({ ok: true, mod: ""users"" }));"
