"name","fullPath"
"audits.model.js","C:\Users\Administrator\OneDrive\InversionesJCF\InversionesJCF\server\src\modules\corporativo\infrastructure\mongoose\models\_legacy_from_models\audits.model.js"
"audits.model.js","C:\Users\Administrator\OneDrive\InversionesJCF\InversionesJCF\server\src\modules\corporativo\models\audits.model.js"
"banks.model.js","C:\Users\Administrator\OneDrive\InversionesJCF\InversionesJCF\server\src\modules\corporativo\infrastructure\mongoose\models\_legacy_from_models\banks.model.js"
"banks.model.js","C:\Users\Administrator\OneDrive\InversionesJCF\InversionesJCF\server\src\modules\corporativo\models\banks.model.js"
"business.model.js","C:\Users\Administrator\OneDrive\InversionesJCF\InversionesJCF\server\src\modules\corporativo\infrastructure\mongoose\models\_legacy_from_models\business.model.js"
"business.model.js","C:\Users\Administrator\OneDrive\InversionesJCF\InversionesJCF\server\src\modules\corporativo\infrastructure\mongoose\models\business.model.js"
"business.model.js","C:\Users\Administrator\OneDrive\InversionesJCF\InversionesJCF\server\src\modules\corporativo\models\business.model.js"
"business_costs.model.js","C:\Users\Administrator\OneDrive\InversionesJCF\InversionesJCF\server\src\modules\corporativo\infrastructure\mongoose\models\_legacy_from_models\business_costs.model.js"
"business_costs.model.js","C:\Users\Administrator\OneDrive\InversionesJCF\InversionesJCF\server\src\modules\corporativo\models\business_costs.model.js"
"business_income.model.js","C:\Users\Administrator\OneDrive\InversionesJCF\InversionesJCF\server\src\modules\corporativo\infrastructure\mongoose\models\_legacy_from_models\business_income.model.js"
"business_income.model.js","C:\Users\Administrator\OneDrive\InversionesJCF\InversionesJCF\server\src\modules\corporativo\models\business_income.model.js"
"businessCategories.model.js","C:\Users\Administrator\OneDrive\InversionesJCF\InversionesJCF\server\src\modules\corporativo\infrastructure\mongoose\models\_legacy_from_models\businessCategories.model.js"
"businessCategories.model.js","C:\Users\Administrator\OneDrive\InversionesJCF\InversionesJCF\server\src\modules\corporativo\models\businessCategories.model.js"
"businesses.incomes.model.js","C:\Users\Administrator\OneDrive\InversionesJCF\InversionesJCF\server\src\modules\corporativo\infrastructure\mongoose\models\_legacy_from_models\businesses.incomes.model.js"
"businesses.incomes.model.js","C:\Users\Administrator\OneDrive\InversionesJCF\InversionesJCF\server\src\modules\corporativo\models\businesses.incomes.model.js"
"businesses.model.js","C:\Users\Administrator\OneDrive\InversionesJCF\InversionesJCF\server\src\modules\corporativo\infrastructure\mongoose\models\_legacy_from_models\businesses.model.js"
"businesses.model.js","C:\Users\Administrator\OneDrive\InversionesJCF\InversionesJCF\server\src\modules\corporativo\models\businesses.model.js"
"businessIncome.model.js","C:\Users\Administrator\OneDrive\InversionesJCF\InversionesJCF\server\src\modules\corporativo\infrastructure\mongoose\models\_legacy_from_models\businessIncome.model.js"
"businessIncome.model.js","C:\Users\Administrator\OneDrive\InversionesJCF\InversionesJCF\server\src\modules\corporativo\models\businessIncome.model.js"
"businessTypes.model.js","C:\Users\Administrator\OneDrive\InversionesJCF\InversionesJCF\server\src\modules\corporativo\infrastructure\mongoose\models\_legacy_from_models\businessTypes.model.js"
"businessTypes.model.js","C:\Users\Administrator\OneDrive\InversionesJCF\InversionesJCF\server\src\modules\corporativo\models\businessTypes.model.js"
"countries.model.js","C:\Users\Administrator\OneDrive\InversionesJCF\InversionesJCF\server\src\modules\corporativo\infrastructure\mongoose\models\_legacy_from_models\countries.model.js"
"countries.model.js","C:\Users\Administrator\OneDrive\InversionesJCF\InversionesJCF\server\src\modules\corporativo\infrastructure\mongoose\models\countries.model.js"
"countries.model.js","C:\Users\Administrator\OneDrive\InversionesJCF\InversionesJCF\server\src\modules\corporativo\models\countries.model.js"
"income.model.js","C:\Users\Administrator\OneDrive\InversionesJCF\InversionesJCF\server\src\modules\corporativo\infrastructure\mongoose\models\_legacy_from_models\income.model.js"
"income.model.js","C:\Users\Administrator\OneDrive\InversionesJCF\InversionesJCF\server\src\modules\corporativo\models\income.model.js"
"membership.model.js","C:\Users\Administrator\OneDrive\InversionesJCF\InversionesJCF\server\src\modules\corporativo\infrastructure\mongoose\models\_legacy_from_models\membership.model.js"
"membership.model.js","C:\Users\Administrator\OneDrive\InversionesJCF\InversionesJCF\server\src\modules\corporativo\models\membership.model.js"
"permissions.model.js","C:\Users\Administrator\OneDrive\InversionesJCF\InversionesJCF\server\src\modules\corporativo\infrastructure\mongoose\models\_legacy_from_models\permissions.model.js"
"permissions.model.js","C:\Users\Administrator\OneDrive\InversionesJCF\InversionesJCF\server\src\modules\corporativo\models\permissions.model.js"
"properties.model.js","C:\Users\Administrator\OneDrive\InversionesJCF\InversionesJCF\server\src\modules\corporativo\infrastructure\mongoose\models\_legacy_from_models\properties.model.js"
"properties.model.js","C:\Users\Administrator\OneDrive\InversionesJCF\InversionesJCF\server\src\modules\corporativo\infrastructure\mongoose\models\properties.model.js"
"properties.model.js","C:\Users\Administrator\OneDrive\InversionesJCF\InversionesJCF\server\src\modules\corporativo\models\properties.model.js"
"roles.model.js","C:\Users\Administrator\OneDrive\InversionesJCF\InversionesJCF\server\src\modules\corporativo\infrastructure\mongoose\models\_legacy_from_models\roles.model.js"
"roles.model.js","C:\Users\Administrator\OneDrive\InversionesJCF\InversionesJCF\server\src\modules\corporativo\models\roles.model.js"
"tenants.model.js","C:\Users\Administrator\OneDrive\InversionesJCF\InversionesJCF\server\src\modules\corporativo\infrastructure\mongoose\models\_legacy_from_models\tenants.model.js"
"tenants.model.js","C:\Users\Administrator\OneDrive\InversionesJCF\InversionesJCF\server\src\modules\corporativo\models\tenants.model.js"
"transaction.model.js","C:\Users\Administrator\OneDrive\InversionesJCF\InversionesJCF\server\src\modules\corporativo\infrastructure\mongoose\models\_legacy_from_models\transaction.model.js"
"transaction.model.js","C:\Users\Administrator\OneDrive\InversionesJCF\InversionesJCF\server\src\modules\corporativo\models\transaction.model.js"
"TxnCategory.model.js","C:\Users\Administrator\OneDrive\InversionesJCF\InversionesJCF\server\src\modules\corporativo\infrastructure\mongoose\models\_legacy_from_models\TxnCategory.model.js"
"TxnCategory.model.js","C:\Users\Administrator\OneDrive\InversionesJCF\InversionesJCF\server\src\modules\corporativo\models\TxnCategory.model.js"
"TxnConcept.model.js","C:\Users\Administrator\OneDrive\InversionesJCF\InversionesJCF\server\src\modules\corporativo\infrastructure\mongoose\models\_legacy_from_models\TxnConcept.model.js"
"TxnConcept.model.js","C:\Users\Administrator\OneDrive\InversionesJCF\InversionesJCF\server\src\modules\corporativo\models\TxnConcept.model.js"
"unit.model.js","C:\Users\Administrator\OneDrive\InversionesJCF\InversionesJCF\server\src\modules\corporativo\infrastructure\mongoose\models\_legacy_from_models\unit.model.js"
"unit.model.js","C:\Users\Administrator\OneDrive\InversionesJCF\InversionesJCF\server\src\modules\corporativo\infrastructure\mongoose\models\unit.model.js"
"unit.model.js","C:\Users\Administrator\OneDrive\InversionesJCF\InversionesJCF\server\src\modules\corporativo\models\unit.model.js"
"users.model.js","C:\Users\Administrator\OneDrive\InversionesJCF\InversionesJCF\server\src\modules\corporativo\infrastructure\mongoose\models\_legacy_from_models\users.model.js"
"users.model.js","C:\Users\Administrator\OneDrive\InversionesJCF\InversionesJCF\server\src\modules\corporativo\models\users.model.js"
